{
  "train": {
    "count": 5904,
    "width": {
      "mean": 0.9884983261597322,
      "std": 0.010604370862328771,
      "median": 0.988235294117647,
      "p25": 0.984313725490196,
      "p75": 0.9960784313725489,
      "p90": 0.9999999999999999,
      "min": 0.9098039215686274,
      "max": 0.9999999999999999
    },
    "height": {
      "mean": 0.9890761995855251,
      "std": 0.010790535149224624,
      "median": 0.992156862745098,
      "p25": 0.984313725490196,
      "p75": 0.9960784313725489,
      "p90": 0.9999999999999999,
      "min": 0.9098039215686274,
      "max": 0.9999999999999999
    },
    "diagonal": {
      "mean": 1.3983912101553717,
      "std": 0.01147088041628698,
      "median": 1.4003514690362515
    },
    "max_dim": {
      "mean": 0.9934753440671661,
      "median": 0.9960784313725489
    }
  },
  "val": {
    "count": 496,
    "width": {
      "mean": 0.9850253004427577,
      "std": 0.009343504699504335,
      "median": 0.984313725490196,
      "p25": 0.9803921568627451,
      "p75": 0.992156862745098,
      "p90": 0.9999999999999999,
      "min": 0.9686274509803922,
      "max": 0.9999999999999999
    },
    "height": {
      "mean": 0.9868912080961416,
      "std": 0.00841107442768064,
      "median": 0.984313725490196,
      "p25": 0.9803921568627451,
      "p75": 0.992156862745098,
      "p90": 0.9999999999999999,
      "min": 0.9686274509803922,
      "max": 0.9999999999999999
    },
    "diagonal": {
      "mean": 1.394377053785194,
      "std": 0.009988906858448422,
      "median": 1.389259619879011
    },
    "max_dim": {
      "mean": 0.9900695762175836,
      "median": 0.9901960784313725
    }
  }
}